{"songname_vector":{"1":"Imagine Dragons - Follow You.mp3","2":"LeagueofLegends - Legends Never Die.mp3","3":"Lost Sky - Fearless.mp3","4":"OneRepublic - Wild Life.mp3"},"tempo_vector":{"1":123.046875,"2":135.9991776316,"3":112.3471467391,"4":143.5546875},"total_beats":{"1":160005,"2":169874,"3":141333,"4":129581},"average_beats":{"1":1300.8536585366,"2":1530.3963963964,"3":1284.8454545455,"4":1963.3484848485},"chroma_stft_mean":{"1":0.4096591473,"2":0.3642931581,"3":0.3834618628,"4":0.3122043312},"chroma_stft_std":{"1":0.2954723835,"2":0.2973333597,"3":0.2983549237,"4":0.2967503965},"mel_mean":{"1":15.4284915924,"2":7.7414541245,"3":14.3454351425,"4":1.7177211046},"mel_std":{"1":122.9759750366,"2":66.7969512939,"3":167.1504669189,"4":11.6382675171},"mel_var":{"1":15123.08984375,"2":4461.8325195312,"3":27939.279296875,"4":135.4492645264},"mfcc_delta_mean":{"1":0.0126746306,"2":0.0134137031,"3":0.0115312161,"4":0.0140739614},"mfcc_delta_std":{"1":2.5340871811,"2":2.3887357712,"3":2.2678029537,"4":1.3698563576},"mfcc_delta_var":{"1":6.4215979576,"2":5.7060585022,"3":5.1429305077,"4":1.876506567},"mfcc_mean":{"1":3.8216118813,"2":1.1509175301,"3":0.1424249858,"4":-2.3539152145},"mfcc_std":{"1":43.4741897583,"2":56.8235855103,"3":36.8876495361,"4":69.587097168},"mfcc_var":{"1":1890.0051269531,"2":3228.919921875,"3":1360.6986083984,"4":4842.3642578125}}